"Code du département","Libellé du département","Etat saisie","Inscrits","Abstentions","% Abs/Ins","Votants","% Vot/Ins","Blancs","% Blancs/Ins","% Blancs/Vot","Nuls","% Nuls/Ins","% Nuls/Vot","Exprimés","% Exp/Ins","% Exp/Vot","Code Nuance","Voix","% Voix/Ins","% Voix/Exp","Sièges","V23","V24","V25","V26","V27","V28","V29","V30","V31","V32","V33","V34","V35","V36","V37","V38","V39","V40","V41","V42","V43","V44","V45","V46","V47","V48","V49","V50","V51","V52","V53","V54","V55","V56","V57","V58","V59","V60","V61","V62","V63","V64","V65","V66","V67","V68","V69","V70","V71","V72","V73","V74","V75","V76","V77","V78","V79","V80","V81","V82","V83","V84","V85","V86","V87","V88","V89","V90","V91","V92"
"01","Ain","Complet",440697,229507,52.08,211190,47.92,2962,0.67,1.4,962,0.22,0.46,207266,47.03,98.14,"DXG",1809,0.41,0.87,0,"RDG",2215,0.5,1.07,0,"NUP",46671,10.59,22.52,0,"DVG",292,0.07,0.14,0,"ECO",5226,1.19,2.52,0,"DIV",1565,0.36,0.76,0,"ENS",39008,8.85,18.82,0,"DVC",4280,0.97,2.06,0,"LR",34994,7.94,16.88,0,"DVD",14026,3.18,6.77,0,"DSV",2835,0.64,1.37,0,"REC",10801,2.45,5.21,0,"RN",43544,9.88,21.01,0,"",NA,NA,NA,NA,"",NA,NA,NA,NA
"02","Aisne","Complet",374297,202419,54.08,171878,45.92,2781,0.74,1.62,1054,0.28,0.61,168043,44.9,97.77,"DXG",2744,0.73,1.63,0,"NUP",40464,10.81,24.08,0,"DVG",505,0.13,0.3,0,"ECO",892,0.24,0.53,0,"DIV",288,0.08,0.17,0,"ENS",25540,6.82,15.2,0,"DVC",6093,1.63,3.63,0,"LR",25314,6.76,15.06,0,"DVD",2052,0.55,1.22,0,"DSV",2435,0.65,1.45,0,"REC",6077,1.62,3.62,0,"RN",55639,14.86,33.11,0,"",NA,NA,NA,NA,"",NA,NA,NA,NA,"",NA,NA,NA,NA
"03","Allier","Complet",250507,122919,49.07,127588,50.93,2482,0.99,1.95,1156,0.46,0.91,123950,49.48,97.15,"DXG",1457,0.58,1.18,0,"RDG",2584,1.03,2.08,0,"NUP",30034,11.99,24.23,0,"DVG",7649,3.05,6.17,0,"ECO",2539,1.01,2.05,0,"DIV",4,0,0,0,"REG",722,0.29,0.58,0,"ENS",24649,9.84,19.89,0,"DVC",3037,1.21,2.45,0,"LR",19538,7.8,15.76,0,"DVD",936,0.37,0.76,0,"DSV",1035,0.41,0.84,0,"REC",5462,2.18,4.41,0,"RN",24304,9.7,19.61,0,"",NA,NA,NA,NA
"04","Alpes-de-Haute-Provence","Complet",128623,61661,47.94,66962,52.06,1292,1,1.93,501,0.39,0.75,65169,50.67,97.32,"DXG",886,0.69,1.36,0,"NUP",18684,14.53,28.67,0,"DVG",1249,0.97,1.92,0,"ECO",2876,2.24,4.41,0,"DIV",619,0.48,0.95,0,"REG",494,0.38,0.76,0,"ENS",17240,13.4,26.45,0,"UDI",1288,1,1.98,0,"DVD",544,0.42,0.83,0,"DSV",1308,1.02,2.01,0,"REC",3163,2.46,4.85,0,"RN",16818,13.08,25.81,0,"",NA,NA,NA,NA,"",NA,NA,NA,NA,"",NA,NA,NA,NA
"05","Hautes-Alpes","Complet",113917,53545,47,60372,53,1026,0.9,1.7,430,0.38,0.71,58916,51.72,97.59,"DXG",594,0.52,1.01,0,"NUP",16927,14.86,28.73,0,"DVG",1077,0.95,1.83,0,"ECO",1758,1.54,2.98,0,"REG",268,0.24,0.45,0,"ENS",18433,16.18,31.29,0,"LR",5352,4.7,9.08,0,"DSV",960,0.84,1.63,0,"REC",1999,1.75,3.39,0,"RN",11548,10.14,19.6,0,"",NA,NA,NA,NA,"",NA,NA,NA,NA,"",NA,NA,NA,NA,"",NA,NA,NA,NA,"",NA,NA,NA,NA
"06","Alpes-Maritimes","Complet",783205,429234,54.8,353971,45.2,4296,0.55,1.21,1930,0.25,0.55,347745,44.4,98.24,"DXG",1984,0.25,0.57,0,"RDG",1023,0.13,0.29,0,"NUP",58127,7.42,16.72,0,"DVG",1496,0.19,0.43,0,"ECO",17705,2.26,5.09,0,"DIV",1281,0.16,0.37,0,"ENS",79660,10.17,22.91,0,"DVC",2351,0.3,0.68,0,"LR",78595,10.04,22.6,0,"DVD",1919,0.25,0.55,0,"DSV",5494,0.7,1.58,0,"REC",27281,3.48,7.85,0,"RN",70829,9.04,20.37,0,"",NA,NA,NA,NA,"",NA,NA,NA,NA
"07","Ardèche","Complet",256689,119569,46.58,137120,53.42,1973,0.77,1.44,767,0.3,0.56,134380,52.35,98,"DXG",2091,0.81,1.56,0,"NUP",23774,9.26,17.69,0,"DVG",21041,8.2,15.66,0,"ECO",1077,0.42,0.8,0,"REG",1673,0.65,1.24,0,"ENS",27684,10.79,20.6,0,"LR",20158,7.85,15,0,"DVD",4722,1.84,3.51,0,"DSV",1953,0.76,1.45,0,"REC",4529,1.76,3.37,0,"RN",25678,10,19.11,0,"",NA,NA,NA,NA,"",NA,NA,NA,NA,"",NA,NA,NA,NA,"",NA,NA,NA,NA
"08","Ardennes","Complet",186931,101161,54.12,85770,45.88,1058,0.57,1.23,535,0.29,0.62,84177,45.03,98.14,"DXG",1174,0.63,1.39,0,"NUP",14752,7.89,17.52,0,"ECO",1331,0.71,1.58,0,"ENS",12146,6.5,14.43,0,"DVC",1379,0.74,1.64,0,"LR",17024,9.11,20.22,0,"DVD",12332,6.6,14.65,0,"DSV",918,0.49,1.09,0,"REC",3043,1.63,3.62,0,"RN",20078,10.74,23.85,0,"",NA,NA,NA,NA,"",NA,NA,NA,NA,"",NA,NA,NA,NA,"",NA,NA,NA,NA,"",NA,NA,NA,NA
"09","Ariège","Complet",119482,53693,44.94,65789,55.06,1308,1.09,1.99,800,0.67,1.22,63681,53.3,96.8,"DXG",664,0.56,1.04,0,"NUP",19771,16.55,31.05,0,"DVG",13588,11.37,21.34,0,"ECO",800,0.67,1.26,0,"DIV",928,0.78,1.46,0,"REG",881,0.74,1.38,0,"ENS",10474,8.77,16.45,0,"UDI",783,0.66,1.23,0,"DSV",472,0.4,0.74,0,"REC",2405,2.01,3.78,0,"RN",12915,10.81,20.28,0,"",NA,NA,NA,NA,"",NA,NA,NA,NA,"",NA,NA,NA,NA,"",NA,NA,NA,NA
"10","Aube","Complet",206342,106085,51.41,100257,48.59,1477,0.72,1.47,533,0.26,0.53,98247,47.61,98,"DXG",1377,0.67,1.4,0,"NUP",17153,8.31,17.46,0,"ECO",1887,0.91,1.92,0,"DIV",884,0.43,0.9,0,"ENS",20291,9.83,20.65,0,"DVC",1114,0.54,1.13,0,"LR",20026,9.71,20.38,0,"DSV",1042,0.5,1.06,0,"REC",4119,2,4.19,0,"RN",30354,14.71,30.9,0,"",NA,NA,NA,NA,"",NA,NA,NA,NA,"",NA,NA,NA,NA,"",NA,NA,NA,NA,"",NA,NA,NA,NA
"11","Aude","Complet",280882,136061,48.44,144821,51.56,2698,0.96,1.86,1153,0.41,0.8,140970,50.19,97.34,"DXG",1647,0.59,1.17,0,"RDG",7686,2.74,5.45,0,"NUP",35371,12.59,25.09,0,"DVG",452,0.16,0.32,0,"ECO",5613,2,3.98,0,"DIV",927,0.33,0.66,0,"ENS",30926,11.01,21.94,0,"DVC",87,0.03,0.06,0,"UDI",1573,0.56,1.12,0,"LR",6207,2.21,4.4,0,"DSV",1819,0.65,1.29,0,"REC",6587,2.35,4.67,0,"RN",42075,14.98,29.85,0,"",NA,NA,NA,NA,"",NA,NA,NA,NA
"12","Aveyron","Complet",219802,98220,44.69,121582,55.31,2357,1.07,1.94,1159,0.53,0.95,118066,53.71,97.11,"DXG",1054,0.48,0.89,0,"RDG",3835,1.74,3.25,0,"NUP",29951,13.63,25.37,0,"DVG",18,0.01,0.02,0,"ECO",2113,0.96,1.79,0,"ENS",35890,16.33,30.4,0,"LR",18161,8.26,15.38,0,"DVD",5614,2.55,4.75,0,"DSV",1240,0.56,1.05,0,"REC",3917,1.78,3.32,0,"RN",16273,7.4,13.78,0,"",NA,NA,NA,NA,"",NA,NA,NA,NA,"",NA,NA,NA,NA,"",NA,NA,NA,NA
"13","Bouches-du-Rhône","Complet",1419768,793351,55.88,626417,44.12,8542,0.6,1.36,3204,0.23,0.51,614671,43.29,98.12,"DXG",5954,0.42,0.97,0,"NUP",161290,11.36,26.24,0,"DVG",4022,0.28,0.65,0,"ECO",27594,1.94,4.49,0,"DIV",3563,0.25,0.58,0,"REG",1298,0.09,0.21,0,"ENS",136388,9.61,22.19,0,"DVC",4593,0.32,0.75,0,"UDI",4693,0.33,0.76,0,"LR",60749,4.28,9.88,0,"DVD",1846,0.13,0.3,0,"DSV",8560,0.6,1.39,0,"REC",41842,2.95,6.81,0,"RN",152279,10.73,24.77,0,"",NA,NA,NA,NA
"14","Calvados","Complet",514845,250865,48.73,263980,51.27,3783,0.73,1.43,1682,0.33,0.64,258515,50.21,97.93,"DXG",4064,0.79,1.57,0,"NUP",70729,13.74,27.36,0,"DVG",4264,0.83,1.65,0,"ECO",4471,0.87,1.73,0,"ENS",77283,15.01,29.89,0,"DVC",1817,0.35,0.7,0,"LR",31351,6.09,12.13,0,"DVD",3474,0.67,1.34,0,"DSV",4676,0.91,1.81,0,"REC",8481,1.65,3.28,0,"RN",47905,9.3,18.53,0,"",NA,NA,NA,NA,"",NA,NA,NA,NA,"",NA,NA,NA,NA,"",NA,NA,NA,NA
"15","Cantal","Complet",115979,53581,46.2,62398,53.8,1149,0.99,1.84,505,0.44,0.81,60744,52.37,97.35,"DXG",722,0.62,1.19,0,"NUP",10638,9.17,17.51,0,"ECO",7,0.01,0.01,0,"ENS",12186,10.51,20.06,0,"LR",23771,20.5,39.13,0,"DVD",4055,3.5,6.68,0,"REC",1809,1.56,2.98,0,"RN",7556,6.51,12.44,0,"",NA,NA,NA,NA,"",NA,NA,NA,NA,"",NA,NA,NA,NA,"",NA,NA,NA,NA,"",NA,NA,NA,NA,"",NA,NA,NA,NA,"",NA,NA,NA,NA
"16","Charente","Complet",258374,128661,49.8,129713,50.2,2341,0.91,1.8,1208,0.47,0.93,126164,48.83,97.26,"DXG",1607,0.62,1.27,0,"NUP",28247,10.93,22.39,0,"DVG",15122,5.85,11.99,0,"ECO",4035,1.56,3.2,0,"DIV",2603,1.01,2.06,0,"ENS",33190,12.85,26.31,0,"DVC",320,0.12,0.25,0,"LR",8956,3.47,7.1,0,"DSV",1325,0.51,1.05,0,"REC",4536,1.76,3.6,0,"RN",26223,10.15,20.78,0,"",NA,NA,NA,NA,"",NA,NA,NA,NA,"",NA,NA,NA,NA,"",NA,NA,NA,NA
"17","Charente-Maritime","Complet",520944,259513,49.82,261431,50.18,3436,0.66,1.31,1480,0.28,0.57,256515,49.24,98.12,"DXG",2968,0.57,1.16,0,"RDG",1506,0.29,0.59,0,"NUP",57489,11.04,22.41,0,"DVG",24099,4.63,9.39,0,"ECO",8442,1.62,3.29,0,"DIV",32,0.01,0.01,0,"ENS",65001,12.48,25.34,0,"DVC",3483,0.67,1.36,0,"LR",26853,5.15,10.47,0,"DVD",1063,0.2,0.41,0,"DSV",2741,0.53,1.07,0,"REC",10040,1.93,3.91,0,"RN",52798,10.14,20.58,0,"",NA,NA,NA,NA,"",NA,NA,NA,NA
"18","Cher","Complet",224553,114305,50.9,110248,49.1,2305,1.03,2.09,741,0.33,0.67,107202,47.74,97.24,"DXG",1825,0.81,1.7,0,"NUP",27571,12.28,25.72,0,"ECO",1388,0.62,1.29,0,"DIV",584,0.26,0.54,0,"ENS",31605,14.07,29.48,0,"LR",11752,5.23,10.96,0,"DSV",1878,0.84,1.75,0,"REC",4465,1.99,4.17,0,"RN",26134,11.64,24.38,0,"",NA,NA,NA,NA,"",NA,NA,NA,NA,"",NA,NA,NA,NA,"",NA,NA,NA,NA,"",NA,NA,NA,NA,"",NA,NA,NA,NA
"19","Corrèze","Complet",185569,81491,43.91,104078,56.09,2160,1.16,2.08,1293,0.7,1.24,100625,54.23,96.68,"DXG",1175,0.63,1.17,0,"NUP",23510,12.67,23.36,0,"DVG",8741,4.71,8.69,0,"ECO",2138,1.15,2.12,0,"DIV",2304,1.24,2.29,0,"ENS",20042,10.8,19.92,0,"DVC",615,0.33,0.61,0,"LR",22034,11.87,21.9,0,"DSV",465,0.25,0.46,0,"REC",3206,1.73,3.19,0,"RN",16395,8.83,16.29,0,"",NA,NA,NA,NA,"",NA,NA,NA,NA,"",NA,NA,NA,NA,"",NA,NA,NA,NA
"2A","Corse-du-Sud","Complet",114110,63424,55.58,50686,44.42,819,0.72,1.62,563,0.49,1.11,49304,43.21,97.27,"DXG",159,0.14,0.32,0,"DVG",4667,4.09,9.47,0,"ECO",928,0.81,1.88,0,"REG",17022,14.92,34.52,0,"ENS",7972,6.99,16.17,0,"DVC",2193,1.92,4.45,0,"DVD",7084,6.21,14.37,0,"DSV",548,0.48,1.11,0,"REC",1940,1.7,3.93,0,"RN",6791,5.95,13.77,0,"",NA,NA,NA,NA,"",NA,NA,NA,NA,"",NA,NA,NA,NA,"",NA,NA,NA,NA,"",NA,NA,NA,NA
"2B","Haute-Corse","Complet",129449,71527,55.25,57922,44.75,929,0.72,1.6,478,0.37,0.83,56515,43.66,97.57,"DXG",327,0.25,0.58,0,"DVG",4828,3.73,8.54,0,"ECO",646,0.5,1.14,0,"DIV",112,0.09,0.2,0,"REG",26540,20.5,46.96,0,"ENS",2944,2.27,5.21,0,"DVC",3352,2.59,5.93,0,"DVD",9267,7.16,16.4,0,"DSV",666,0.51,1.18,0,"REC",1179,0.91,2.09,0,"RN",6654,5.14,11.77,0,"",NA,NA,NA,NA,"",NA,NA,NA,NA,"",NA,NA,NA,NA,"",NA,NA,NA,NA
"21","Côte-d'Or","Complet",368500,180193,48.9,188307,51.1,2833,0.77,1.5,903,0.25,0.48,184571,50.09,98.02,"DXG",2128,0.58,1.15,0,"RDG",2539,0.69,1.38,0,"NUP",43029,11.68,23.31,0,"DVG",5607,1.52,3.04,0,"ECO",3335,0.91,1.81,0,"ENS",46864,12.72,25.39,0,"DVC",161,0.04,0.09,0,"UDI",386,0.1,0.21,0,"LR",24607,6.68,13.33,0,"DVD",8512,2.31,4.61,0,"DSV",1993,0.54,1.08,0,"REC",8259,2.24,4.47,0,"RN",37151,10.08,20.13,0,"",NA,NA,NA,NA,"",NA,NA,NA,NA
"22","Côtes-d'Armor","Complet",473117,211389,44.68,261728,55.32,3630,0.77,1.39,1753,0.37,0.67,256345,54.18,97.94,"DXG",3492,0.74,1.36,0,"NUP",66434,14.04,25.92,0,"DVG",16385,3.46,6.39,0,"ECO",6309,1.33,2.46,0,"DIV",1442,0.3,0.56,0,"REG",4699,0.99,1.83,0,"ENS",71651,15.14,27.95,0,"DVC",3502,0.74,1.37,0,"LR",27205,5.75,10.61,0,"DVD",10051,2.12,3.92,0,"DSV",2127,0.45,0.83,0,"REC",7085,1.5,2.76,0,"RN",35963,7.6,14.03,0,"",NA,NA,NA,NA,"",NA,NA,NA,NA
"23","Creuse","Complet",91035,41508,45.6,49527,54.4,1332,1.46,2.69,614,0.67,1.24,47581,52.27,96.07,"DXG",630,0.69,1.32,0,"NUP",12545,13.78,26.37,0,"DVG",79,0.09,0.17,0,"ECO",1061,1.17,2.23,0,"ENS",12368,13.59,25.99,0,"DVD",10812,11.88,22.72,0,"DSV",853,0.94,1.79,0,"REC",1115,1.22,2.34,0,"RN",8118,8.92,17.06,0,"",NA,NA,NA,NA,"",NA,NA,NA,NA,"",NA,NA,NA,NA,"",NA,NA,NA,NA,"",NA,NA,NA,NA,"",NA,NA,NA,NA
"24","Dordogne","Complet",319328,143379,44.9,175949,55.1,3177,0.99,1.81,2062,0.65,1.17,170710,53.46,97.02,"DXG",1530,0.48,0.9,0,"RDG",775,0.24,0.45,0,"NUP",40783,12.77,23.89,0,"DVG",21320,6.68,12.49,0,"ECO",3203,1,1.88,0,"DIV",481,0.15,0.28,0,"REG",1254,0.39,0.73,0,"ENS",27079,8.48,15.86,0,"DVC",12249,3.84,7.18,0,"LR",16138,5.05,9.45,0,"DVD",2121,0.66,1.24,0,"DSV",1539,0.48,0.9,0,"REC",6590,2.06,3.86,0,"RN",35648,11.16,20.88,0,"",NA,NA,NA,NA
"25","Doubs","Complet",370121,189245,51.13,180876,48.87,3016,0.81,1.67,1243,0.34,0.69,176617,47.72,97.65,"DXG",2659,0.72,1.51,0,"RDG",1442,0.39,0.82,0,"NUP",43643,11.79,24.71,0,"ECO",2171,0.59,1.23,0,"DIV",755,0.2,0.43,0,"REG",2,0,0,0,"ENS",45170,12.2,25.58,0,"DVC",513,0.14,0.29,0,"LR",30926,8.36,17.51,0,"DVD",4879,1.32,2.76,0,"DSV",1858,0.5,1.05,0,"REC",6521,1.76,3.69,0,"RN",36078,9.75,20.43,0,"",NA,NA,NA,NA,"",NA,NA,NA,NA
"26","Drôme","Complet",383936,189195,49.28,194741,50.72,2625,0.68,1.35,1051,0.27,0.54,191065,49.76,98.11,"DXG",2114,0.55,1.11,0,"NUP",57637,15.01,30.17,0,"DVG",2478,0.65,1.3,0,"ECO",3060,0.8,1.6,0,"DIV",12,0,0.01,0,"ENS",38659,10.07,20.23,0,"DVC",3694,0.96,1.93,0,"LR",35122,9.15,18.38,0,"DSV",3199,0.83,1.67,0,"REC",8064,2.1,4.22,0,"RN",37026,9.64,19.38,0,"",NA,NA,NA,NA,"",NA,NA,NA,NA,"",NA,NA,NA,NA,"",NA,NA,NA,NA
"27","Eure","Complet",433710,221448,51.06,212262,48.94,3634,0.84,1.71,1260,0.29,0.59,207368,47.81,97.69,"DXG",3006,0.69,1.45,0,"RDG",712,0.16,0.34,0,"NUP",44941,10.36,21.67,0,"DVG",826,0.19,0.4,0,"ECO",8815,2.03,4.25,0,"DIV",566,0.13,0.27,0,"ENS",53065,12.24,25.59,0,"LR",13765,3.17,6.64,0,"DVD",8278,1.91,3.99,0,"DSV",2210,0.51,1.07,0,"REC",8365,1.93,4.03,0,"RN",61965,14.29,29.88,0,"DXD",854,0.2,0.41,0,"",NA,NA,NA,NA,"",NA,NA,NA,NA
"28","Eure-et-Loir","Complet",304851,159900,52.45,144951,47.55,1942,0.64,1.34,804,0.26,0.55,142205,46.65,98.11,"DXG",2817,0.92,1.98,0,"NUP",27447,9,19.3,0,"ECO",5341,1.75,3.76,0,"DIV",1705,0.56,1.2,0,"ENS",42664,14,30,0,"DVC",329,0.11,0.23,0,"LR",18418,6.04,12.95,0,"DVD",3706,1.22,2.61,0,"DSV",1608,0.53,1.13,0,"REC",5862,1.92,4.12,0,"RN",32308,10.6,22.72,0,"",NA,NA,NA,NA,"",NA,NA,NA,NA,"",NA,NA,NA,NA,"",NA,NA,NA,NA
"29","Finistère","Complet",712030,334884,47.03,377146,52.97,6365,0.89,1.69,2172,0.31,0.58,368609,51.77,97.74,"DXG",4658,0.65,1.26,0,"RDG",510,0.07,0.14,0,"NUP",113236,15.9,30.72,0,"DVG",4103,0.58,1.11,0,"ECO",4944,0.69,1.34,0,"DIV",2388,0.34,0.65,0,"REG",11771,1.65,3.19,0,"ENS",119680,16.81,32.47,0,"DVC",8295,1.16,2.25,0,"UDI",4971,0.7,1.35,0,"LR",30297,4.26,8.22,0,"DVD",2266,0.32,0.61,0,"DSV",2805,0.39,0.76,0,"REC",11513,1.62,3.12,0,"RN",47172,6.63,12.8,0
"30","Gard","Complet",557285,294762,52.89,262523,47.11,3935,0.71,1.5,1479,0.27,0.56,257109,46.14,97.94,"DXG",2675,0.48,1.04,0,"RDG",1526,0.27,0.59,0,"NUP",65610,11.77,25.52,0,"DVG",1109,0.2,0.43,0,"ECO",8270,1.48,3.22,0,"DIV",1358,0.24,0.53,0,"REG",2598,0.47,1.01,0,"ENS",60667,10.89,23.6,0,"DVC",1344,0.24,0.52,0,"UDI",1400,0.25,0.54,0,"LR",16287,2.92,6.33,0,"DVD",2579,0.46,1,0,"DSV",2365,0.42,0.92,0,"REC",14296,2.57,5.56,0,"RN",75025,13.46,29.18,0
"31","Haute-Garonne","Complet",937729,436251,46.52,501478,53.48,7098,0.76,1.42,3019,0.32,0.6,491361,52.4,97.98,"DXG",3964,0.42,0.81,0,"RDG",6448,0.69,1.31,0,"NUP",153424,16.36,31.22,0,"DVG",34722,3.7,7.07,0,"ECO",13903,1.48,2.83,0,"DIV",2269,0.24,0.46,0,"REG",4289,0.46,0.87,0,"ENS",133853,14.27,27.24,0,"DVC",2013,0.21,0.41,0,"LR",26476,2.82,5.39,0,"DVD",7211,0.77,1.47,0,"DSV",3479,0.37,0.71,0,"REC",20930,2.23,4.26,0,"RN",78380,8.36,15.95,0,"",NA,NA,NA,NA
"32","Gers","Complet",147656,64273,43.53,83383,56.47,1804,1.22,2.16,760,0.51,0.91,80819,54.73,96.93,"DXG",654,0.44,0.81,0,"RDG",4060,2.75,5.02,0,"NUP",17343,11.75,21.46,0,"DVG",9816,6.65,12.15,0,"ECO",1854,1.26,2.29,0,"DIV",585,0.4,0.72,0,"REG",848,0.57,1.05,0,"ENS",20537,13.91,25.41,0,"LR",4874,3.3,6.03,0,"DSV",1269,0.86,1.57,0,"REC",3801,2.57,4.7,0,"RN",15178,10.28,18.78,0,"",NA,NA,NA,NA,"",NA,NA,NA,NA,"",NA,NA,NA,NA
"33","Gironde","Complet",1165194,574503,49.31,590691,50.69,8970,0.77,1.52,3377,0.29,0.57,578344,49.63,97.91,"DXG",6298,0.54,1.09,0,"RDG",8477,0.73,1.47,0,"NUP",173442,14.89,29.99,0,"DVG",9305,0.8,1.61,0,"ECO",12993,1.12,2.25,0,"DIV",4178,0.36,0.72,0,"ENS",176611,15.16,30.54,0,"DVC",2150,0.18,0.37,0,"UDI",1335,0.11,0.23,0,"LR",26886,2.31,4.65,0,"DVD",12731,1.09,2.2,0,"DSV",5090,0.44,0.88,0,"REC",24731,2.12,4.28,0,"RN",114117,9.79,19.73,0,"",NA,NA,NA,NA
"34","Hérault","Complet",852554,443480,52.02,409074,47.98,5392,0.63,1.32,2189,0.26,0.54,401493,47.09,98.15,"DXG",2184,0.26,0.54,0,"RDG",18748,2.2,4.67,0,"NUP",105721,12.4,26.33,0,"DVG",16967,1.99,4.23,0,"ECO",13774,1.62,3.43,0,"DIV",479,0.06,0.12,0,"REG",185,0.02,0.05,0,"ENS",87052,10.21,21.68,0,"DVC",2445,0.29,0.61,0,"UDI",2200,0.26,0.55,0,"LR",10206,1.2,2.54,0,"DVD",31658,3.71,7.89,0,"DSV",4185,0.49,1.04,0,"REC",22454,2.63,5.59,0,"RN",83235,9.76,20.73,0
"35","Ille-et-Vilaine","Complet",775494,365275,47.1,410219,52.9,6411,0.83,1.56,2596,0.33,0.63,401212,51.74,97.8,"DXG",4569,0.59,1.14,0,"NUP",132936,17.14,33.13,0,"DVG",5210,0.67,1.3,0,"ECO",7320,0.94,1.82,0,"DIV",2766,0.36,0.69,0,"REG",7110,0.92,1.77,0,"ENS",139362,17.97,34.74,0,"DVC",2898,0.37,0.72,0,"LR",33446,4.31,8.34,0,"DSV",4129,0.53,1.03,0,"REC",11820,1.52,2.95,0,"RN",49646,6.4,12.37,0,"",NA,NA,NA,NA,"",NA,NA,NA,NA,"",NA,NA,NA,NA
"36","Indre","Complet",166141,82098,49.41,84043,50.59,1719,1.03,2.05,834,0.5,0.99,81490,49.05,96.96,"DXG",1578,0.95,1.94,0,"NUP",18128,10.91,22.25,0,"ECO",1182,0.71,1.45,0,"ENS",18344,11.04,22.51,0,"LR",18091,10.89,22.2,0,"DVD",1659,1,2.04,0,"DSV",601,0.36,0.74,0,"REC",3137,1.89,3.85,0,"RN",18770,11.3,23.03,0,"",NA,NA,NA,NA,"",NA,NA,NA,NA,"",NA,NA,NA,NA,"",NA,NA,NA,NA,"",NA,NA,NA,NA,"",NA,NA,NA,NA
"37","Indre-et-Loire","Complet",442173,217025,49.08,225148,50.92,3281,0.74,1.46,1343,0.3,0.6,220524,49.87,97.95,"DXG",3447,0.78,1.56,0,"NUP",59858,13.54,27.14,0,"ECO",10292,2.33,4.67,0,"DIV",457,0.1,0.21,0,"ENS",63615,14.39,28.85,0,"DVC",1112,0.25,0.5,0,"UDI",10448,2.36,4.74,0,"LR",17905,4.05,8.12,0,"DVD",2248,0.51,1.02,0,"DSV",626,0.14,0.28,0,"REC",9054,2.05,4.11,0,"RN",41462,9.38,18.8,0,"",NA,NA,NA,NA,"",NA,NA,NA,NA,"",NA,NA,NA,NA
"38","Isère","Complet",889772,449472,50.52,440300,49.48,5702,0.64,1.3,1815,0.2,0.41,432783,48.64,98.29,"DXG",4781,0.54,1.1,0,"NUP",132151,14.85,30.54,0,"DVG",6894,0.77,1.59,0,"ECO",14708,1.65,3.4,0,"DIV",649,0.07,0.15,0,"REG",111,0.01,0.03,0,"ENS",119348,13.41,27.58,0,"LR",42123,4.73,9.73,0,"DVD",3391,0.38,0.78,0,"DSV",5449,0.61,1.26,0,"REC",18861,2.12,4.36,0,"RN",84317,9.48,19.48,0,"",NA,NA,NA,NA,"",NA,NA,NA,NA,"",NA,NA,NA,NA
"39","Jura","Complet",191197,92686,48.48,98511,51.52,1618,0.85,1.64,728,0.38,0.74,96165,50.3,97.62,"DXG",1307,0.68,1.36,0,"NUP",24983,13.07,25.98,0,"DVG",1589,0.83,1.65,0,"ENS",22643,11.84,23.55,0,"DVC",289,0.15,0.3,0,"LR",19847,10.38,20.64,0,"DVD",1123,0.59,1.17,0,"DSV",1117,0.58,1.16,0,"REC",3074,1.61,3.2,0,"RN",20193,10.56,21,0,"",NA,NA,NA,NA,"",NA,NA,NA,NA,"",NA,NA,NA,NA,"",NA,NA,NA,NA,"",NA,NA,NA,NA
"40","Landes","Complet",331019,152480,46.06,178539,53.94,3721,1.12,2.08,1316,0.4,0.74,173502,52.41,97.18,"DXG",1912,0.58,1.1,0,"NUP",53877,16.28,31.05,0,"DVG",2281,0.69,1.31,0,"ECO",1567,0.47,0.9,0,"REG",1692,0.51,0.98,0,"ENS",53464,16.15,30.81,0,"DVC",8473,2.56,4.88,0,"LR",9373,2.83,5.4,0,"DVD",1237,0.37,0.71,0,"DSV",1392,0.42,0.8,0,"REC",6560,1.98,3.78,0,"RN",31674,9.57,18.26,0,"",NA,NA,NA,NA,"",NA,NA,NA,NA,"",NA,NA,NA,NA
"41","Loir-et-Cher","Complet",244947,119597,48.83,125350,51.17,2144,0.88,1.71,897,0.37,0.72,122309,49.93,97.57,"DXG",1651,0.67,1.35,0,"RDG",1299,0.53,1.06,0,"NUP",24720,10.09,20.21,0,"ECO",569,0.23,0.47,0,"DIV",1488,0.61,1.22,0,"ENS",31352,12.8,25.63,0,"DVC",3345,1.37,2.73,0,"UDI",9161,3.74,7.49,0,"LR",9839,4.02,8.04,0,"DVD",780,0.32,0.64,0,"DSV",539,0.22,0.44,0,"REC",8859,3.62,7.24,0,"RN",28707,11.72,23.47,0,"",NA,NA,NA,NA,"",NA,NA,NA,NA
"42","Loire","Complet",516425,268493,51.99,247932,48.01,3534,0.68,1.43,1135,0.22,0.46,243263,47.11,98.12,"DXG",2950,0.57,1.21,0,"RDG",3744,0.72,1.54,0,"NUP",55358,10.72,22.76,0,"DVG",7120,1.38,2.93,0,"ECO",5089,0.99,2.09,0,"DIV",325,0.06,0.13,0,"ENS",57184,11.07,23.51,0,"DVC",1234,0.24,0.51,0,"UDI",1288,0.25,0.53,0,"LR",46631,9.03,19.17,0,"DVD",376,0.07,0.15,0,"DSV",2618,0.51,1.08,0,"REC",10840,2.1,4.46,0,"RN",48252,9.34,19.84,0,"DXD",254,0.05,0.1,0
"43","Haute-Loire","Complet",181100,85494,47.21,95606,52.79,1366,0.75,1.43,579,0.32,0.61,93661,51.72,97.97,"DXG",892,0.49,0.95,0,"NUP",18099,9.99,19.32,0,"ECO",3380,1.87,3.61,0,"DIV",156,0.09,0.17,0,"REG",367,0.2,0.39,0,"ENS",12223,6.75,13.05,0,"LR",42564,23.5,45.44,0,"DSV",495,0.27,0.53,0,"REC",2409,1.33,2.57,0,"RN",13076,7.22,13.96,0,"",NA,NA,NA,NA,"",NA,NA,NA,NA,"",NA,NA,NA,NA,"",NA,NA,NA,NA,"",NA,NA,NA,NA
"44","Loire-Atlantique","Complet",1060931,517480,48.78,543451,51.22,8738,0.82,1.61,2958,0.28,0.54,531755,50.12,97.85,"DXG",6433,0.61,1.21,0,"NUP",182739,17.22,34.37,0,"DVG",8808,0.83,1.66,0,"ECO",11758,1.11,2.21,0,"DIV",1620,0.15,0.3,0,"REG",7678,0.72,1.44,0,"ENS",153407,14.46,28.85,0,"DVC",18000,1.7,3.39,0,"UDI",3792,0.36,0.71,0,"LR",39521,3.73,7.43,0,"DVD",6375,0.6,1.2,0,"DSV",6889,0.65,1.3,0,"REC",19183,1.81,3.61,0,"RN",65552,6.18,12.33,0,"",NA,NA,NA,NA
"45","Loiret","Complet",459420,233165,50.75,226255,49.25,3482,0.76,1.54,1343,0.29,0.59,221430,48.2,97.87,"DXG",2967,0.65,1.34,0,"NUP",50863,11.07,22.97,0,"DVG",2013,0.44,0.91,0,"ECO",4464,0.97,2.02,0,"DIV",3064,0.67,1.38,0,"ENS",59434,12.94,26.84,0,"UDI",4621,1.01,2.09,0,"LR",24383,5.31,11.01,0,"DVD",6819,1.48,3.08,0,"DSV",1493,0.32,0.67,0,"REC",8746,1.9,3.95,0,"RN",52563,11.44,23.74,0,"",NA,NA,NA,NA,"",NA,NA,NA,NA,"",NA,NA,NA,NA
"46","Lot","Complet",139528,56662,40.61,82866,59.39,1197,0.86,1.44,688,0.49,0.83,80981,58.04,97.73,"DXG",592,0.42,0.73,0,"NUP",18590,13.32,22.96,0,"DVG",17098,12.25,21.11,0,"ECO",342,0.25,0.42,0,"DIV",957,0.69,1.18,0,"ENS",9103,6.52,11.24,0,"DVC",692,0.5,0.85,0,"LR",22471,16.11,27.75,0,"DVD",228,0.16,0.28,0,"REC",2329,1.67,2.88,0,"RN",8579,6.15,10.59,0,"",NA,NA,NA,NA,"",NA,NA,NA,NA,"",NA,NA,NA,NA,"",NA,NA,NA,NA
"47","Lot-et-Garonne","Complet",242111,114611,47.34,127500,52.66,2606,1.08,2.04,1224,0.51,0.96,123670,51.08,97,"DXG",1600,0.66,1.29,0,"RDG",866,0.36,0.7,0,"NUP",31066,12.83,25.12,0,"ECO",2014,0.83,1.63,0,"REG",321,0.13,0.26,0,"ENS",31370,12.96,25.37,0,"DVC",908,0.38,0.73,0,"LR",10242,4.23,8.28,0,"DVD",3039,1.26,2.46,0,"DSV",1051,0.43,0.85,0,"REC",6505,2.69,5.26,0,"RN",34411,14.21,27.82,0,"DXD",277,0.11,0.22,0,"",NA,NA,NA,NA,"",NA,NA,NA,NA
"48","Lozère","Complet",59915,24942,41.63,34973,58.37,673,1.12,1.92,310,0.52,0.89,33990,56.73,97.19,"DXG",267,0.45,0.79,0,"NUP",8637,14.42,25.41,0,"ECO",339,0.57,1,0,"DIV",2876,4.8,8.46,0,"ENS",5996,10.01,17.64,0,"UDI",6371,10.63,18.74,0,"DVD",4663,7.78,13.72,0,"REC",1137,1.9,3.35,0,"RN",3704,6.18,10.9,0,"",NA,NA,NA,NA,"",NA,NA,NA,NA,"",NA,NA,NA,NA,"",NA,NA,NA,NA,"",NA,NA,NA,NA,"",NA,NA,NA,NA
"49","Maine-et-Loire","Complet",591475,301940,51.05,289535,48.95,5697,0.96,1.97,2038,0.34,0.7,281800,47.64,97.33,"DXG",3821,0.65,1.36,0,"RDG",954,0.16,0.34,0,"NUP",75940,12.84,26.95,0,"DVG",2748,0.46,0.98,0,"ECO",4343,0.73,1.54,0,"DIV",2869,0.49,1.02,0,"ENS",96987,16.4,34.42,0,"DVC",7700,1.3,2.73,0,"UDI",2833,0.48,1.01,0,"LR",17328,2.93,6.15,0,"DVD",8278,1.4,2.94,0,"DSV",4043,0.68,1.43,0,"REC",10162,1.72,3.61,0,"RN",43794,7.4,15.54,0,"",NA,NA,NA,NA
"50","Manche","Complet",384761,192319,49.98,192442,50.02,3109,0.81,1.62,1119,0.29,0.58,188214,48.92,97.8,"DXG",2068,0.54,1.1,0,"NUP",43582,11.33,23.16,0,"DVG",489,0.13,0.26,0,"ECO",5332,1.39,2.83,0,"ENS",59383,15.43,31.55,0,"DVC",1303,0.34,0.69,0,"UDI",923,0.24,0.49,0,"LR",28638,7.44,15.22,0,"DVD",6092,1.58,3.24,0,"DSV",1811,0.47,0.96,0,"REC",5454,1.42,2.9,0,"RN",33139,8.61,17.61,0,"",NA,NA,NA,NA,"",NA,NA,NA,NA,"",NA,NA,NA,NA
"51","Marne","Complet",382187,207127,54.2,175060,45.8,2347,0.61,1.34,1891,0.49,1.08,170822,44.7,97.58,"DXG",2313,0.61,1.35,0,"NUP",31885,8.34,18.67,0,"ECO",5590,1.46,3.27,0,"DIV",1304,0.34,0.76,0,"ENS",41522,10.86,24.31,0,"DVC",4103,1.07,2.4,0,"LR",15170,3.97,8.88,0,"DVD",16329,4.27,9.56,0,"DSV",2335,0.61,1.37,0,"REC",6836,1.79,4,0,"RN",43435,11.36,25.43,0,"",NA,NA,NA,NA,"",NA,NA,NA,NA,"",NA,NA,NA,NA,"",NA,NA,NA,NA
"52","Haute-Marne","Complet",129486,65908,50.9,63578,49.1,889,0.69,1.4,382,0.3,0.6,62307,48.12,98,"DXG",679,0.52,1.09,0,"NUP",9060,7,14.54,0,"DVG",752,0.58,1.21,0,"DIV",3635,2.81,5.83,0,"ENS",10464,8.08,16.79,0,"LR",12346,9.53,19.81,0,"DVD",2535,1.96,4.07,0,"DSV",802,0.62,1.29,0,"REC",1627,1.26,2.61,0,"RN",20407,15.76,32.75,0,"",NA,NA,NA,NA,"",NA,NA,NA,NA,"",NA,NA,NA,NA,"",NA,NA,NA,NA,"",NA,NA,NA,NA
"53","Mayenne","Complet",225216,115896,51.46,109320,48.54,2157,0.96,1.97,961,0.43,0.88,106202,47.16,97.15,"DXG",1434,0.64,1.35,0,"NUP",33009,14.66,31.08,0,"ECO",433,0.19,0.41,0,"ENS",37621,16.7,35.42,1,"DVC",7053,3.13,6.64,0,"LR",5121,2.27,4.82,0,"DSV",1579,0.7,1.49,0,"REC",3907,1.73,3.68,0,"RN",16045,7.12,15.11,0,"",NA,NA,NA,NA,"",NA,NA,NA,NA,"",NA,NA,NA,NA,"",NA,NA,NA,NA,"",NA,NA,NA,NA,"",NA,NA,NA,NA
"54","Meurthe-et-Moselle","Complet",493944,268472,54.35,225472,45.65,3049,0.62,1.35,1117,0.23,0.5,221306,44.8,98.15,"DXG",3862,0.78,1.75,0,"NUP",52043,10.54,23.52,0,"DVG",19904,4.03,8.99,0,"ECO",4765,0.96,2.15,0,"DIV",820,0.17,0.37,0,"REG",20,0,0.01,0,"ENS",50179,10.16,22.67,0,"DVC",1736,0.35,0.78,0,"UDI",2753,0.56,1.24,0,"LR",24353,4.93,11,0,"DVD",683,0.14,0.31,0,"DSV",2210,0.45,1,0,"REC",8279,1.68,3.74,0,"RN",49699,10.06,22.46,0,"",NA,NA,NA,NA
"55","Meuse","Complet",135160,71240,52.71,63920,47.29,1054,0.78,1.65,397,0.29,0.62,62469,46.22,97.73,"DXG",701,0.52,1.12,0,"NUP",10590,7.84,16.95,0,"DVG",1822,1.35,2.92,0,"ECO",1772,1.31,2.84,0,"REG",259,0.19,0.41,0,"ENS",9898,7.32,15.84,0,"DVC",659,0.49,1.05,0,"LR",3588,2.65,5.74,0,"DVD",10826,8.01,17.33,0,"DSV",792,0.59,1.27,0,"REC",1953,1.44,3.13,0,"RN",19609,14.51,31.39,0,"",NA,NA,NA,NA,"",NA,NA,NA,NA,"",NA,NA,NA,NA
"56","Morbihan","Complet",611168,289880,47.43,321288,52.57,4588,0.75,1.43,1806,0.3,0.56,314894,51.52,98.01,"DXG",3375,0.55,1.07,0,"NUP",76683,12.55,24.35,0,"DVG",2389,0.39,0.76,0,"ECO",5465,0.89,1.74,0,"DIV",437,0.07,0.14,0,"REG",30738,5.03,9.76,0,"ENS",90831,14.86,28.84,0,"DVC",2772,0.45,0.88,0,"UDI",2052,0.34,0.65,0,"LR",17855,2.92,5.67,0,"DVD",16635,2.72,5.28,0,"DSV",3961,0.65,1.26,0,"REC",11667,1.91,3.71,0,"RN",50034,8.19,15.89,0,"",NA,NA,NA,NA
"57","Moselle","Complet",747761,439550,58.78,308211,41.22,4864,0.65,1.58,1544,0.21,0.5,301803,40.36,97.92,"DXG",4026,0.54,1.33,0,"RDG",1435,0.19,0.48,0,"NUP",62106,8.31,20.58,0,"DVG",9240,1.24,3.06,0,"ECO",3565,0.48,1.18,0,"DIV",1585,0.21,0.53,0,"ENS",67650,9.05,22.42,0,"DVC",7132,0.95,2.36,0,"LR",44848,6,14.86,0,"DVD",5128,0.69,1.7,0,"DSV",5894,0.79,1.95,0,"REC",12215,1.63,4.05,0,"RN",76979,10.29,25.51,0,"",NA,NA,NA,NA,"",NA,NA,NA,NA
"58","Nièvre","Complet",154420,76511,49.55,77909,50.45,1680,1.09,2.16,686,0.44,0.88,75543,48.92,96.96,"DXG",1703,1.1,2.25,0,"NUP",18867,12.22,24.98,0,"DVG",601,0.39,0.8,0,"ECO",625,0.4,0.83,0,"DIV",172,0.11,0.23,0,"ENS",22297,14.44,29.52,0,"LR",6220,4.03,8.23,0,"DSV",1685,1.09,2.23,0,"REC",2730,1.77,3.61,0,"RN",20643,13.37,27.33,0,"",NA,NA,NA,NA,"",NA,NA,NA,NA,"",NA,NA,NA,NA,"",NA,NA,NA,NA,"",NA,NA,NA,NA
"59","Nord","Complet",1820180,1009820,55.48,810360,44.52,12015,0.66,1.48,4554,0.25,0.56,793791,43.61,97.96,"DXG",11668,0.64,1.47,0,"RDG",3279,0.18,0.41,0,"NUP",209937,11.53,26.45,0,"DVG",10091,0.55,1.27,0,"ECO",22533,1.24,2.84,0,"DIV",5333,0.29,0.67,0,"ENS",189373,10.4,23.86,0,"DVC",4862,0.27,0.61,0,"UDI",19371,1.06,2.44,0,"LR",57038,3.13,7.19,0,"DVD",33078,1.82,4.17,0,"DSV",6356,0.35,0.8,0,"REC",26008,1.43,3.28,0,"RN",194864,10.71,24.55,0,"",NA,NA,NA,NA
"60","Oise","Complet",565641,300275,53.09,265366,46.91,3710,0.66,1.4,1448,0.26,0.55,260208,46,98.06,"DXG",3314,0.59,1.27,0,"RDG",755,0.13,0.29,0,"NUP",52633,9.31,20.23,0,"DVG",1196,0.21,0.46,0,"ECO",7905,1.4,3.04,0,"ENS",51958,9.19,19.97,0,"DVC",3303,0.58,1.27,0,"UDI",3545,0.63,1.36,0,"LR",44085,7.79,16.94,0,"DVD",4838,0.86,1.86,0,"DSV",3466,0.61,1.33,0,"REC",10550,1.87,4.05,0,"RN",72452,12.81,27.84,0,"DXD",208,0.04,0.08,0,"",NA,NA,NA,NA
"61","Orne","Complet",205756,102832,49.98,102924,50.02,1794,0.87,1.74,653,0.32,0.63,100477,48.83,97.62,"DXG",1476,0.72,1.47,0,"NUP",19856,9.65,19.76,0,"DVG",719,0.35,0.72,0,"ECO",1044,0.51,1.04,0,"DIV",1993,0.97,1.98,0,"ENS",16921,8.22,16.84,0,"DVC",2535,1.23,2.52,0,"LR",30040,14.6,29.9,0,"DSV",1546,0.75,1.54,0,"REC",3422,1.66,3.41,0,"RN",20925,10.17,20.83,0,"",NA,NA,NA,NA,"",NA,NA,NA,NA,"",NA,NA,NA,NA,"",NA,NA,NA,NA
"62","Pas-de-Calais","Complet",1096020,587762,53.63,508258,46.37,8220,0.75,1.62,4409,0.4,0.87,495629,45.22,97.52,"DXG",7798,0.71,1.57,0,"RDG",5789,0.53,1.17,0,"NUP",99458,9.07,20.07,0,"DVG",24385,2.22,4.92,0,"ECO",12046,1.1,2.43,0,"DIV",1814,0.17,0.37,0,"REG",1034,0.09,0.21,0,"ENS",108614,9.91,21.91,0,"UDI",7239,0.66,1.46,0,"LR",36539,3.33,7.37,0,"DVD",4882,0.45,0.99,0,"DSV",4193,0.38,0.85,0,"REC",13140,1.2,2.65,0,"RN",167840,15.31,33.86,0,"DXD",858,0.08,0.17,0
"63","Puy-de-Dôme","Complet",469921,227485,48.41,242436,51.59,4072,0.87,1.68,1609,0.34,0.66,236755,50.38,97.66,"DXG",2931,0.62,1.24,0,"RDG",2045,0.44,0.86,0,"NUP",88834,18.9,37.52,0,"DVG",3340,0.71,1.41,0,"ECO",3563,0.76,1.5,0,"REG",238,0.05,0.1,0,"ENS",55035,11.71,23.25,0,"DVC",2217,0.47,0.94,0,"LR",30822,6.56,13.02,0,"DVD",1971,0.42,0.83,0,"DSV",1567,0.33,0.66,0,"REC",6611,1.41,2.79,0,"RN",37581,8,15.87,0,"",NA,NA,NA,NA,"",NA,NA,NA,NA
"64","Pyrénées-Atlantiques","Complet",521933,246604,47.25,275329,52.75,5060,0.97,1.84,1768,0.34,0.64,268501,51.44,97.52,"DXG",2851,0.55,1.06,0,"NUP",64589,12.37,24.06,0,"DVG",17939,3.44,6.68,0,"ECO",9016,1.73,3.36,0,"DIV",18550,3.55,6.91,0,"REG",17570,3.37,6.54,0,"ENS",69258,13.27,25.79,0,"DVC",3087,0.59,1.15,0,"LR",12669,2.43,4.72,0,"DVD",3088,0.59,1.15,0,"DSV",1639,0.31,0.61,0,"REC",12259,2.35,4.57,0,"RN",35986,6.89,13.4,0,"",NA,NA,NA,NA,"",NA,NA,NA,NA
"65","Hautes-Pyrénées","Complet",177792,82967,46.67,94825,53.33,1629,0.92,1.72,685,0.39,0.72,92511,52.03,97.56,"DXG",777,0.44,0.84,0,"RDG",6555,3.69,7.09,0,"NUP",22044,12.4,23.83,0,"DVG",10213,5.74,11.04,0,"ECO",1941,1.09,2.1,0,"DIV",3742,2.1,4.04,0,"REG",465,0.26,0.5,0,"ENS",21899,12.32,23.67,0,"LR",5098,2.87,5.51,0,"DSV",547,0.31,0.59,0,"REC",3351,1.88,3.62,0,"RN",15879,8.93,17.16,0,"",NA,NA,NA,NA,"",NA,NA,NA,NA,"",NA,NA,NA,NA
"66","Pyrénées-Orientales","Complet",363338,189231,52.08,174107,47.92,2962,0.82,1.7,1229,0.34,0.71,169916,46.77,97.59,"DXG",2086,0.57,1.23,0,"NUP",38645,10.64,22.74,0,"DVG",4727,1.3,2.78,0,"ECO",1830,0.5,1.08,0,"DIV",2435,0.67,1.43,0,"REG",4554,1.25,2.68,0,"ENS",38352,10.56,22.57,0,"LR",10736,2.95,6.32,0,"DVD",616,0.17,0.36,0,"DSV",2438,0.67,1.43,0,"REC",9221,2.54,5.43,0,"RN",54276,14.94,31.94,0,"",NA,NA,NA,NA,"",NA,NA,NA,NA,"",NA,NA,NA,NA
"67","Bas-Rhin","Complet",784371,422354,53.85,362017,46.15,4122,0.53,1.14,1642,0.21,0.45,356253,45.42,98.41,"DXG",2392,0.3,0.67,0,"RDG",857,0.11,0.24,0,"NUP",72443,9.24,20.33,0,"DVG",3649,0.47,1.02,0,"ECO",12602,1.61,3.54,0,"DIV",8484,1.08,2.38,0,"REG",18885,2.41,5.3,0,"ENS",98888,12.61,27.76,0,"UDI",13248,1.69,3.72,0,"LR",34800,4.44,9.77,0,"DVD",9836,1.25,2.76,0,"DSV",3415,0.44,0.96,0,"REC",10606,1.35,2.98,0,"RN",66148,8.43,18.57,0,"",NA,NA,NA,NA
"68","Haut-Rhin","Complet",533448,299722,56.19,233726,43.81,3401,0.64,1.46,1294,0.24,0.55,229031,42.93,97.99,"DXG",1527,0.29,0.67,0,"RDG",831,0.16,0.36,0,"NUP",37028,6.94,16.17,0,"DVG",320,0.06,0.14,0,"ECO",12142,2.28,5.3,0,"DIV",4314,0.81,1.88,0,"REG",9288,1.74,4.06,0,"ENS",64892,12.16,28.33,0,"DVC",3811,0.71,1.66,0,"LR",34406,6.45,15.02,0,"DVD",198,0.04,0.09,0,"DSV",4291,0.8,1.87,0,"REC",8227,1.54,3.59,0,"RN",47756,8.95,20.85,0,"",NA,NA,NA,NA
"69","Rhône","Complet",1192473,589283,49.42,603190,50.58,6110,0.51,1.01,2045,0.17,0.34,595035,49.9,98.65,"DXG",5124,0.43,0.86,0,"RDG",6402,0.54,1.08,0,"NUP",168215,14.11,28.27,0,"DVG",5216,0.44,0.88,0,"ECO",18870,1.58,3.17,0,"DIV",5994,0.5,1.01,0,"REG",3892,0.33,0.65,0,"ENS",176135,14.77,29.6,0,"DVC",1168,0.1,0.2,0,"UDI",700,0.06,0.12,0,"LR",89420,7.5,15.03,0,"DVD",1190,0.1,0.2,0,"DSV",6868,0.58,1.15,0,"REC",34541,2.9,5.8,0,"RN",71300,5.98,11.98,0
"70","Haute-Saône","Complet",178147,85883,48.21,92264,51.79,1690,0.95,1.83,1113,0.62,1.21,89461,50.22,96.96,"DXG",1752,0.98,1.96,0,"NUP",17719,9.95,19.81,0,"ECO",1325,0.74,1.48,0,"ENS",21508,12.07,24.04,0,"UDI",4338,2.44,4.85,0,"LR",8946,5.02,10,0,"DVD",1110,0.62,1.24,0,"DSV",897,0.5,1,0,"REC",3851,2.16,4.3,0,"RN",28015,15.73,31.32,0,"",NA,NA,NA,NA,"",NA,NA,NA,NA,"",NA,NA,NA,NA,"",NA,NA,NA,NA,"",NA,NA,NA,NA
"71","Saône-et-Loire","Complet",404035,206440,51.09,197595,48.91,3397,0.84,1.72,1460,0.36,0.74,192738,47.7,97.54,"DXG",3326,0.82,1.73,0,"RDG",2061,0.51,1.07,0,"NUP",48616,12.03,25.22,0,"DVG",99,0.02,0.05,0,"ECO",2110,0.52,1.09,0,"DIV",493,0.12,0.26,0,"ENS",49200,12.18,25.53,0,"LR",29281,7.25,15.19,0,"DVD",5575,1.38,2.89,0,"DSV",3077,0.76,1.6,0,"REC",7320,1.81,3.8,0,"RN",41580,10.29,21.57,0,"",NA,NA,NA,NA,"",NA,NA,NA,NA,"",NA,NA,NA,NA
"72","Sarthe","Complet",412098,223413,54.21,188685,45.79,4426,1.07,2.35,1163,0.28,0.62,183096,44.43,97.04,"DXG",2505,0.61,1.37,0,"NUP",44410,10.78,24.26,0,"DVG",17640,4.28,9.63,0,"ECO",1792,0.43,0.98,0,"DIV",1676,0.41,0.92,0,"ENS",45248,10.98,24.71,0,"UDI",424,0.1,0.23,0,"LR",19304,4.68,10.54,0,"DSV",3267,0.79,1.78,0,"REC",6232,1.51,3.4,0,"RN",40598,9.85,22.17,0,"",NA,NA,NA,NA,"",NA,NA,NA,NA,"",NA,NA,NA,NA,"",NA,NA,NA,NA
"73","Savoie","Complet",322213,160458,49.8,161755,50.2,1888,0.59,1.17,764,0.24,0.47,159103,49.38,98.36,"DXG",1262,0.39,0.79,0,"NUP",39909,12.39,25.08,0,"ECO",4657,1.45,2.93,0,"DIV",4146,1.29,2.61,0,"REG",595,0.18,0.37,0,"ENS",34571,10.73,21.73,0,"LR",33180,10.3,20.85,0,"DVD",2646,0.82,1.66,0,"DSV",3421,1.06,2.15,0,"REC",4684,1.45,2.94,0,"RN",30032,9.32,18.88,0,"",NA,NA,NA,NA,"",NA,NA,NA,NA,"",NA,NA,NA,NA,"",NA,NA,NA,NA
"74","Haute-Savoie","Complet",569497,309354,54.32,260143,45.68,3133,0.55,1.2,1081,0.19,0.42,255929,44.94,98.38,"DXG",1656,0.29,0.65,0,"NUP",57388,10.08,22.42,0,"ECO",12382,2.17,4.84,0,"DIV",1687,0.3,0.66,0,"REG",6263,1.1,2.45,0,"ENS",71087,12.48,27.78,0,"UDI",3838,0.67,1.5,0,"LR",34931,6.13,13.65,0,"DVD",11969,2.1,4.68,0,"DSV",3298,0.58,1.29,0,"REC",10939,1.92,4.27,0,"RN",40491,7.11,15.82,0,"",NA,NA,NA,NA,"",NA,NA,NA,NA,"",NA,NA,NA,NA
"75","Paris","Complet",1362500,608029,44.63,754471,55.37,7454,0.55,0.99,2655,0.19,0.35,744362,54.63,98.66,"DXG",5714,0.42,0.77,0,"RDG",3328,0.24,0.45,0,"NUP",280578,20.59,37.69,3,"DVG",19281,1.42,2.59,0,"ECO",18366,1.35,2.47,0,"DIV",8774,0.64,1.18,0,"REG",675,0.05,0.09,0,"ENS",239231,17.56,32.14,0,"DVC",3924,0.29,0.53,0,"UDI",7181,0.53,0.96,0,"LR",76520,5.62,10.28,0,"DVD",12260,0.9,1.65,0,"DSV",1720,0.13,0.23,0,"REC",38176,2.8,5.13,0,"RN",28634,2.1,3.85,0
"76","Seine-Maritime","Complet",882708,451694,51.17,431014,48.83,7869,0.89,1.83,1964,0.22,0.46,421181,47.71,97.72,"DXG",5721,0.65,1.36,0,"NUP",124935,14.15,29.66,0,"DVG",20784,2.35,4.93,0,"ECO",9500,1.08,2.26,0,"DIV",4488,0.51,1.07,0,"ENS",112486,12.74,26.71,0,"DVC",3173,0.36,0.75,0,"UDI",277,0.03,0.07,0,"LR",15567,1.76,3.7,0,"DVD",8689,0.98,2.06,0,"DSV",4222,0.48,1,0,"REC",14274,1.62,3.39,0,"RN",97065,11,23.05,0,"",NA,NA,NA,NA,"",NA,NA,NA,NA
"77","Seine-et-Marne","Complet",904849,504653,55.77,400196,44.23,6448,0.71,1.61,1797,0.2,0.45,391951,43.32,97.94,"DXG",5295,0.59,1.35,0,"RDG",0,0,0,0,"NUP",111828,12.36,28.53,0,"DVG",3976,0.44,1.01,0,"ECO",14364,1.59,3.66,0,"DIV",1680,0.19,0.43,0,"REG",524,0.06,0.13,0,"ENS",88043,9.73,22.46,0,"DVC",5290,0.58,1.35,0,"UDI",1256,0.14,0.32,0,"LR",49304,5.45,12.58,0,"DVD",538,0.06,0.14,0,"DSV",6680,0.74,1.7,0,"REC",17979,1.99,4.59,0,"RN",85194,9.42,21.74,0
"78","Yvelines","Complet",965211,464594,48.13,500617,51.87,6023,0.62,1.2,1868,0.19,0.37,492726,51.05,98.42,"DXG",4647,0.48,0.94,0,"NUP",120692,12.5,24.49,0,"DVG",328,0.03,0.07,0,"ECO",22547,2.34,4.58,0,"DIV",5425,0.56,1.1,0,"ENS",166826,17.28,33.86,0,"DVC",1268,0.13,0.26,0,"UDI",6678,0.69,1.36,0,"LR",55135,5.71,11.19,0,"DVD",12929,1.34,2.62,0,"DSV",4896,0.51,0.99,0,"REC",34035,3.53,6.91,0,"RN",57320,5.94,11.63,0,"",NA,NA,NA,NA,"",NA,NA,NA,NA
"79","Deux-Sèvres","Complet",274099,137555,50.18,136544,49.82,2466,0.9,1.81,1125,0.41,0.82,132953,48.51,97.37,"DXG",1617,0.59,1.22,0,"NUP",39231,14.31,29.51,0,"DVG",3492,1.27,2.63,0,"ECO",1517,0.55,1.14,0,"DIV",1311,0.48,0.99,0,"ENS",39297,14.34,29.56,0,"DVC",7884,2.88,5.93,0,"UDI",1704,0.62,1.28,0,"LR",9187,3.35,6.91,0,"DSV",748,0.27,0.56,0,"REC",4079,1.49,3.07,0,"RN",22886,8.35,17.21,0,"",NA,NA,NA,NA,"",NA,NA,NA,NA,"",NA,NA,NA,NA
"80","Somme","Complet",411078,208557,50.73,202521,49.27,3853,0.94,1.9,1256,0.31,0.62,197412,48.02,97.48,"DXG",3138,0.76,1.59,0,"NUP",49107,11.95,24.88,0,"DVG",520,0.13,0.26,0,"ECO",3407,0.83,1.73,0,"ENS",44328,10.78,22.45,0,"DVC",1522,0.37,0.77,0,"UDI",3217,0.78,1.63,0,"LR",26549,6.46,13.45,0,"DVD",3366,0.82,1.71,0,"DSV",1883,0.46,0.95,0,"REC",5933,1.44,3.01,0,"RN",54442,13.24,27.58,0,"",NA,NA,NA,NA,"",NA,NA,NA,NA,"",NA,NA,NA,NA
"81","Tarn","Complet",299152,136596,45.66,162556,54.34,2933,0.98,1.8,1584,0.53,0.97,158039,52.83,97.22,"DXG",1340,0.45,0.85,0,"RDG",4436,1.48,2.81,0,"NUP",39237,13.12,24.83,0,"DVG",6341,2.12,4.01,0,"ECO",3427,1.15,2.17,0,"DIV",11,0,0.01,0,"REG",4017,1.34,2.54,0,"ENS",37368,12.49,23.64,0,"LR",10852,3.63,6.87,0,"DVD",8391,2.8,5.31,0,"DSV",1495,0.5,0.95,0,"REC",6083,2.03,3.85,0,"RN",35041,11.71,22.17,0,"",NA,NA,NA,NA,"",NA,NA,NA,NA
"82","Tarn-et-Garonne","Complet",189336,90551,47.83,98785,52.17,1695,0.9,1.72,813,0.43,0.82,96277,50.85,97.46,"DXG",1284,0.68,1.33,0,"RDG",9892,5.22,10.27,0,"NUP",25035,13.22,26,0,"DVG",3774,1.99,3.92,0,"DIV",2367,1.25,2.46,0,"REG",249,0.13,0.26,0,"ENS",18279,9.65,18.99,0,"LR",4378,2.31,4.55,0,"DSV",564,0.3,0.59,0,"REC",4658,2.46,4.84,0,"RN",25797,13.62,26.79,0,"",NA,NA,NA,NA,"",NA,NA,NA,NA,"",NA,NA,NA,NA,"",NA,NA,NA,NA
"83","Var","Complet",824799,443202,53.73,381597,46.27,4847,0.59,1.27,1820,0.22,0.48,374930,45.46,98.25,"DXG",2351,0.29,0.63,0,"NUP",60644,7.35,16.17,0,"DVG",1185,0.14,0.32,0,"ECO",17466,2.12,4.66,0,"DIV",2649,0.32,0.71,0,"REG",2077,0.25,0.55,0,"ENS",101482,12.3,27.07,0,"DVC",675,0.08,0.18,0,"LR",27106,3.29,7.23,0,"DVD",793,0.1,0.21,0,"DSV",4872,0.59,1.3,0,"REC",41041,4.98,10.95,0,"RN",111820,13.56,29.82,0,"DXD",769,0.09,0.21,0,"",NA,NA,NA,NA
"84","Vaucluse","Complet",413261,219377,53.08,193884,46.92,2986,0.72,1.54,1064,0.26,0.55,189834,45.94,97.91,"DXG",1894,0.46,1,0,"NUP",41676,10.08,21.95,0,"DVG",705,0.17,0.37,0,"ECO",8204,1.99,4.32,0,"DIV",572,0.14,0.3,0,"REG",1062,0.26,0.56,0,"ENS",45027,10.9,23.72,0,"DVC",566,0.14,0.3,0,"LR",18070,4.37,9.52,0,"DVD",752,0.18,0.4,0,"DSV",1537,0.37,0.81,0,"REC",10032,2.43,5.28,0,"RN",59737,14.46,31.47,0,"",NA,NA,NA,NA,"",NA,NA,NA,NA
"85","Vendée","Complet",552841,280988,50.83,271853,49.17,4691,0.85,1.73,2152,0.39,0.79,265010,47.94,97.48,"DXG",2938,0.53,1.11,0,"NUP",53464,9.67,20.17,0,"DVG",1219,0.22,0.46,0,"ECO",10761,1.95,4.06,0,"DIV",73,0.01,0.03,0,"ENS",80712,14.6,30.46,0,"DVC",2195,0.4,0.83,0,"LR",33623,6.08,12.69,0,"DVD",23553,4.26,8.89,0,"DSV",4178,0.76,1.58,0,"REC",5848,1.06,2.21,0,"RN",46446,8.4,17.53,0,"",NA,NA,NA,NA,"",NA,NA,NA,NA,"",NA,NA,NA,NA
"86","Vienne","Complet",306912,149730,48.79,157182,51.21,3039,0.99,1.93,1306,0.43,0.83,152837,49.8,97.24,"DXG",2405,0.78,1.57,0,"RDG",1881,0.61,1.23,0,"NUP",42888,13.97,28.06,0,"DVG",4410,1.44,2.89,0,"ECO",3522,1.15,2.3,0,"DIV",268,0.09,0.18,0,"REG",5,0,0,0,"ENS",47198,15.38,30.88,0,"UDI",5324,1.73,3.48,0,"LR",2362,0.77,1.55,0,"DVD",3846,1.25,2.52,0,"DSV",2322,0.76,1.52,0,"REC",5891,1.92,3.85,0,"RN",29331,9.56,19.19,0,"DXD",1184,0.39,0.77,0
"87","Haute-Vienne","Complet",264506,123341,46.63,141165,53.37,3598,1.36,2.55,2127,0.8,1.51,135440,51.2,95.94,"DXG",2521,0.95,1.86,0,"NUP",46135,17.44,34.06,0,"DVG",1551,0.59,1.15,0,"DIV",867,0.33,0.64,0,"REG",1136,0.43,0.84,0,"ENS",28248,10.68,20.86,0,"DVC",9934,3.76,7.33,0,"LR",11895,4.5,8.78,0,"DVD",1537,0.58,1.13,0,"REC",5371,2.03,3.97,0,"RN",26245,9.92,19.38,0,"",NA,NA,NA,NA,"",NA,NA,NA,NA,"",NA,NA,NA,NA,"",NA,NA,NA,NA
"88","Vosges","Complet",278548,141142,50.67,137406,49.33,2144,0.77,1.56,857,0.31,0.62,134405,48.25,97.82,"DXG",1609,0.58,1.2,0,"NUP",23593,8.47,17.55,0,"DVG",5954,2.14,4.43,0,"ECO",2194,0.79,1.63,0,"DIV",181,0.06,0.13,0,"REG",251,0.09,0.19,0,"ENS",23920,8.59,17.8,0,"LR",24327,8.73,18.1,0,"DVD",15816,5.68,11.77,0,"DSV",2452,0.88,1.82,0,"REC",2695,0.97,2.01,0,"RN",31413,11.28,23.37,0,"",NA,NA,NA,NA,"",NA,NA,NA,NA,"",NA,NA,NA,NA
"89","Yonne","Complet",238947,119763,50.12,119184,49.88,2014,0.84,1.69,702,0.29,0.59,116468,48.74,97.72,"DXG",1769,0.74,1.52,0,"NUP",25054,10.49,21.51,0,"DVG",420,0.18,0.36,0,"ECO",3988,1.67,3.42,0,"ENS",27025,11.31,23.2,0,"DVC",1013,0.42,0.87,0,"LR",13297,5.56,11.42,0,"DVD",2062,0.86,1.77,0,"DSV",1832,0.77,1.57,0,"REC",4961,2.08,4.26,0,"RN",35047,14.67,30.09,0,"",NA,NA,NA,NA,"",NA,NA,NA,NA,"",NA,NA,NA,NA,"",NA,NA,NA,NA
"90","Territoire de Belfort","Complet",94246,47713,50.63,46533,49.37,849,0.9,1.82,459,0.49,0.99,45225,47.99,97.19,"DXG",750,0.8,1.66,0,"NUP",10771,11.43,23.82,0,"ECO",398,0.42,0.88,0,"ENS",8805,9.34,19.47,0,"UDI",3669,3.89,8.11,0,"LR",6196,6.57,13.7,0,"DVD",2699,2.86,5.97,0,"DSV",731,0.78,1.62,0,"REC",1940,2.06,4.29,0,"RN",9175,9.74,20.29,0,"DXD",91,0.1,0.2,0,"",NA,NA,NA,NA,"",NA,NA,NA,NA,"",NA,NA,NA,NA,"",NA,NA,NA,NA
"91","Essonne","Complet",804577,420424,52.25,384153,47.75,5539,0.69,1.44,2020,0.25,0.53,376594,46.81,98.03,"DXG",4300,0.53,1.14,0,"NUP",122455,15.22,32.52,0,"DVG",4768,0.59,1.27,0,"ECO",9800,1.22,2.6,0,"DIV",4398,0.55,1.17,0,"REG",78,0.01,0.02,0,"ENS",103333,12.84,27.44,0,"DVC",1360,0.17,0.36,0,"UDI",9579,1.19,2.54,0,"LR",29184,3.63,7.75,0,"DVD",4918,0.61,1.31,0,"DSV",15966,1.98,4.24,0,"REC",14928,1.86,3.96,0,"RN",51527,6.4,13.68,0,"",NA,NA,NA,NA
"92","Hauts-de-Seine","Complet",1004159,468995,46.71,535164,53.29,9441,0.94,1.76,1681,0.17,0.31,524042,52.19,97.92,"DXG",5372,0.53,1.03,0,"RDG",2987,0.3,0.57,0,"NUP",147196,14.66,28.09,0,"DVG",2783,0.28,0.53,0,"ECO",18554,1.85,3.54,0,"DIV",5224,0.52,1,0,"REG",138,0.01,0.03,0,"ENS",182596,18.18,34.84,0,"DVC",6032,0.6,1.15,0,"UDI",11228,1.12,2.14,0,"LR",65832,6.56,12.56,0,"DVD",10306,1.03,1.97,0,"DSV",2004,0.2,0.38,0,"REC",29924,2.98,5.71,0,"RN",33866,3.37,6.46,0
"93","Seine-Saint-Denis","Complet",800507,488852,61.07,311655,38.93,5503,0.69,1.77,1853,0.23,0.59,304299,38.01,97.64,"DXG",5245,0.66,1.72,0,"RDG",1008,0.13,0.33,0,"NUP",139909,17.48,45.98,1,"DVG",18642,2.33,6.13,0,"ECO",8091,1.01,2.66,0,"DIV",5213,0.65,1.71,0,"REG",1132,0.14,0.37,0,"ENS",50304,6.28,16.53,0,"DVC",4425,0.55,1.45,0,"UDI",13871,1.73,4.56,0,"LR",14914,1.86,4.9,0,"DVD",425,0.05,0.14,0,"DSV",979,0.12,0.32,0,"REC",9681,1.21,3.18,0,"RN",30460,3.81,10.01,0
"94","Val-de-Marne","Complet",802683,420787,52.42,381896,47.58,5219,0.65,1.37,1962,0.24,0.51,374715,46.68,98.12,"DXG",5970,0.74,1.59,0,"RDG",804,0.1,0.21,0,"NUP",138274,17.23,36.9,0,"DVG",4098,0.51,1.09,0,"ECO",12593,1.57,3.36,0,"DIV",3151,0.39,0.84,0,"REG",435,0.05,0.12,0,"ENS",98220,12.24,26.21,0,"DVC",842,0.1,0.22,0,"UDI",4198,0.52,1.12,0,"LR",52371,6.52,13.98,0,"DVD",192,0.02,0.05,0,"DSV",2139,0.27,0.57,0,"REC",17208,2.14,4.59,0,"RN",34220,4.26,9.13,0
"95","Val-d'Oise","Complet",737941,418644,56.73,319297,43.27,4601,0.62,1.44,1506,0.2,0.47,313190,42.44,98.09,"DXG",3823,0.52,1.22,0,"RDG",857,0.12,0.27,0,"NUP",97919,13.27,31.27,0,"DVG",11465,1.55,3.66,0,"ECO",13893,1.88,4.44,0,"DIV",1874,0.25,0.6,0,"REG",290,0.04,0.09,0,"ENS",79032,10.71,25.23,0,"DVC",3718,0.5,1.19,0,"UDI",1499,0.2,0.48,0,"LR",31369,4.25,10.02,0,"DSV",3086,0.42,0.99,0,"REC",14507,1.97,4.63,0,"RN",48932,6.63,15.62,0,"DXD",926,0.13,0.3,0
"ZA","Guadeloupe","Complet",316360,236296,74.69,80064,25.31,2244,0.71,2.8,2694,0.85,3.36,75126,23.75,93.83,"DXG",1409,0.45,1.88,0,"DVG",44079,13.93,58.67,0,"ECO",2191,0.69,2.92,0,"DIV",2713,0.86,3.61,0,"REG",1152,0.36,1.53,0,"ENS",9385,2.97,12.49,0,"DVC",3736,1.18,4.97,0,"UDI",136,0.04,0.18,0,"LR",634,0.2,0.84,0,"DVD",224,0.07,0.3,0,"DSV",241,0.08,0.32,0,"REC",393,0.12,0.52,0,"RN",7898,2.5,10.51,0,"DXD",935,0.3,1.24,0,"",NA,NA,NA,NA
"ZB","Martinique","Complet",304561,238770,78.4,65791,21.6,2125,0.7,3.23,1571,0.52,2.39,62095,20.39,94.38,"DXG",984,0.32,1.58,0,"DVG",27051,8.88,43.56,0,"ECO",1043,0.34,1.68,0,"REG",27798,9.13,44.77,0,"ENS",783,0.26,1.26,0,"UDI",1260,0.41,2.03,0,"LR",88,0.03,0.14,0,"DVD",595,0.2,0.96,0,"REC",503,0.17,0.81,0,"RN",1990,0.65,3.2,0,"",NA,NA,NA,NA,"",NA,NA,NA,NA,"",NA,NA,NA,NA,"",NA,NA,NA,NA,"",NA,NA,NA,NA
"ZC","Guyane","Complet",103470,75808,73.27,27662,26.73,525,0.51,1.9,325,0.31,1.17,26812,25.91,96.93,"DVG",7047,6.81,26.28,0,"REG",8896,8.6,33.18,0,"ENS",3754,3.63,14,0,"DVC",1647,1.59,6.14,0,"DVD",4077,3.94,15.21,0,"DSV",149,0.14,0.56,0,"RN",1242,1.2,4.63,0,"",NA,NA,NA,NA,"",NA,NA,NA,NA,"",NA,NA,NA,NA,"",NA,NA,NA,NA,"",NA,NA,NA,NA,"",NA,NA,NA,NA,"",NA,NA,NA,NA,"",NA,NA,NA,NA
"ZD","La Réunion","Complet",677963,470536,69.4,207427,30.6,7041,1.04,3.39,7220,1.06,3.48,193166,28.49,93.12,"DXG",7766,1.15,4.02,0,"RDG",228,0.03,0.12,0,"DVG",80691,11.9,41.77,0,"ECO",7249,1.07,3.75,0,"DIV",1239,0.18,0.64,0,"REG",6744,0.99,3.49,0,"ENS",9093,1.34,4.71,0,"DVC",18300,2.7,9.47,0,"UDI",6839,1.01,3.54,0,"LR",14579,2.15,7.55,0,"DVD",16833,2.48,8.71,0,"DSV",3390,0.5,1.75,0,"REC",467,0.07,0.24,0,"RN",19748,2.91,10.22,0,"",NA,NA,NA,NA
"ZM","Mayotte","Complet",92609,51594,55.71,41015,44.29,1256,1.36,3.06,1749,1.89,4.26,38010,41.04,92.67,"DVG",5348,5.77,14.07,0,"DIV",6949,7.5,18.28,0,"ENS",5292,5.71,13.92,0,"DVC",9048,9.77,23.8,0,"LR",9357,10.1,24.62,0,"DVD",1449,1.56,3.81,0,"RN",567,0.61,1.49,0,"",NA,NA,NA,NA,"",NA,NA,NA,NA,"",NA,NA,NA,NA,"",NA,NA,NA,NA,"",NA,NA,NA,NA,"",NA,NA,NA,NA,"",NA,NA,NA,NA,"",NA,NA,NA,NA
"ZN","Nouvelle-Calédonie","Complet",219162,147912,67.49,71250,32.51,1201,0.55,1.69,499,0.23,0.7,69550,31.73,97.61,"DIV",313,0.14,0.45,0,"REG",20897,9.53,30.05,0,"ENS",25534,11.65,36.71,0,"DVC",2475,1.13,3.56,0,"LR",12860,5.87,18.49,0,"DVD",2816,1.28,4.05,0,"DSV",1114,0.51,1.6,0,"RN",3541,1.62,5.09,0,"",NA,NA,NA,NA,"",NA,NA,NA,NA,"",NA,NA,NA,NA,"",NA,NA,NA,NA,"",NA,NA,NA,NA,"",NA,NA,NA,NA,"",NA,NA,NA,NA
"ZP","Polynésie française","Complet",206297,119320,57.84,86977,42.16,767,0.37,0.88,684,0.33,0.79,85526,41.46,98.33,"DXG",86,0.04,0.1,0,"ECO",2477,1.2,2.9,0,"DIV",747,0.36,0.87,0,"REG",27364,13.26,31.99,0,"ENS",30758,14.91,35.96,0,"DVD",23409,11.35,27.37,0,"DSV",123,0.06,0.14,0,"RN",562,0.27,0.66,0,"",NA,NA,NA,NA,"",NA,NA,NA,NA,"",NA,NA,NA,NA,"",NA,NA,NA,NA,"",NA,NA,NA,NA,"",NA,NA,NA,NA,"",NA,NA,NA,NA
"ZS","Saint-Pierre-et-Miquelon","Complet",5053,2352,46.55,2701,53.45,38,0.75,1.41,20,0.4,0.74,2643,52.31,97.85,"DVG",1314,26,49.72,0,"DIV",473,9.36,17.9,0,"DVD",856,16.94,32.39,0,"",NA,NA,NA,NA,"",NA,NA,NA,NA,"",NA,NA,NA,NA,"",NA,NA,NA,NA,"",NA,NA,NA,NA,"",NA,NA,NA,NA,"",NA,NA,NA,NA,"",NA,NA,NA,NA,"",NA,NA,NA,NA,"",NA,NA,NA,NA,"",NA,NA,NA,NA,"",NA,NA,NA,NA
"ZW","Wallis et Futuna","Complet",9592,2089,21.78,7503,78.22,34,0.35,0.45,29,0.3,0.39,7440,77.56,99.16,"DVG",1061,11.06,14.26,0,"ECO",922,9.61,12.39,0,"DVC",5457,56.89,73.35,0,"",NA,NA,NA,NA,"",NA,NA,NA,NA,"",NA,NA,NA,NA,"",NA,NA,NA,NA,"",NA,NA,NA,NA,"",NA,NA,NA,NA,"",NA,NA,NA,NA,"",NA,NA,NA,NA,"",NA,NA,NA,NA,"",NA,NA,NA,NA,"",NA,NA,NA,NA,"",NA,NA,NA,NA
"ZX","Saint-Martin/Saint-Barthélemy","Complet",24563,19344,78.75,5219,21.25,107,0.44,2.05,51,0.21,0.98,5061,20.6,96.97,"DIV",304,1.24,6.01,0,"REG",199,0.81,3.93,0,"DVC",2383,9.7,47.09,0,"LR",330,1.34,6.52,0,"DVD",1398,5.69,27.62,0,"REC",447,1.82,8.83,0,"",NA,NA,NA,NA,"",NA,NA,NA,NA,"",NA,NA,NA,NA,"",NA,NA,NA,NA,"",NA,NA,NA,NA,"",NA,NA,NA,NA,"",NA,NA,NA,NA,"",NA,NA,NA,NA,"",NA,NA,NA,NA
"ZZ","Français établis hors de France","Complet",1446633,1120925,77.49,325708,22.51,3461,0.24,1.06,449,0.03,0.14,321798,22.24,98.8,"RDG",310,0.02,0.1,0,"NUP",91576,6.33,28.46,0,"DVG",6968,0.48,2.17,0,"ECO",8669,0.6,2.69,0,"DIV",13607,0.94,4.23,0,"REG",641,0.04,0.2,0,"ENS",109917,7.6,34.16,0,"DVC",24944,1.72,7.75,0,"UDI",4572,0.32,1.42,0,"LR",19314,1.34,6,0,"DVD",12874,0.89,4,0,"DSV",1533,0.11,0.48,0,"REC",18948,1.31,5.89,0,"RN",7824,0.54,2.43,0,"DXD",101,0.01,0.03,0
